text,positive,trust,anger,disgust,fear,negative,sadness,anticipation,surprise,joy
real life cryptodickbutt,1.0,1.0,0.0,0.0,0.0,0.0,0.0,0.0,0.0,0.0
"until this is hanging in the moma, we're still early. ",0.0,0.0,1.0,1.0,1.0,1.0,1.0,0.0,0.0,0.0
i blamefor this.,0.0,0.0,0.0,0.0,0.0,0.0,0.0,0.0,0.0,0.0
this is why i shouldn’t be on twitter before i fall asleep,0.0,0.0,0.0,0.0,0.0,1.0,1.0,0.0,0.0,0.0
hey just scheduled your therapy session for tomorrow,0.0,0.0,0.0,0.0,0.0,0.0,0.0,1.0,0.0,0.0
getting into nfts was a mistake,0.0,0.0,0.0,0.0,0.0,1.0,1.0,0.0,0.0,0.0
this is…horrific.,0.0,0.0,0.0,0.0,0.0,0.0,0.0,0.0,0.0,0.0
its so leaky and meaty d:,0.0,0.0,0.0,0.0,0.0,1.0,0.0,0.0,0.0,0.0
call the police,1.0,1.0,0.0,0.0,1.0,0.0,0.0,0.0,0.0,0.0
any project founders able to mint me a neuralyzer from men in black? need to unsee something. can the devs do something?,0.0,0.0,0.0,0.0,0.0,1.0,1.0,0.0,0.0,0.0
it would never ,0.0,0.0,0.0,0.0,0.0,0.0,0.0,0.0,0.0,0.0
this one might break the internet,0.0,0.0,0.0,0.0,0.0,0.0,0.0,0.0,1.0,0.0
hahah,0.0,0.0,0.0,0.0,0.0,0.0,0.0,0.0,0.0,0.0
perfect answer ,1.0,1.0,0.0,0.0,0.0,0.0,0.0,1.0,0.0,1.0
 yesss,0.0,0.0,0.0,0.0,0.0,0.0,0.0,0.0,0.0,0.0
beautiful  love the dedication,3.0,0.0,0.0,0.0,0.0,0.0,0.0,0.0,0.0,2.0
hank from breaking bad your inspiration here? ‍,1.0,0.0,1.0,1.0,1.0,1.0,1.0,1.0,0.0,1.0
when this is in the moma we have jumped the shark.,0.0,0.0,0.0,0.0,0.0,1.0,0.0,0.0,0.0,0.0
    so true,1.0,1.0,0.0,0.0,0.0,0.0,0.0,0.0,0.0,1.0
i don't know him but i hear he is a man of culture and great taste ,1.0,0.0,0.0,0.0,0.0,0.0,0.0,0.0,0.0,0.0
i know him well and will be sending you a -page prospectus first thing tomorrow.,0.0,0.0,0.0,0.0,0.0,0.0,0.0,1.0,0.0,0.0
i blame the violence in the video games. ,0.0,0.0,2.0,1.0,1.0,2.0,1.0,0.0,0.0,0.0
an inquisition must happen.,0.0,0.0,0.0,0.0,0.0,0.0,0.0,1.0,0.0,0.0
i blame elon musk for this,0.0,0.0,1.0,1.0,0.0,1.0,0.0,0.0,0.0,0.0
one dick= one butt,0.0,0.0,0.0,0.0,0.0,1.0,0.0,0.0,0.0,0.0
didseen this?,0.0,0.0,0.0,0.0,0.0,0.0,0.0,0.0,0.0,0.0
lololololololol,0.0,0.0,0.0,0.0,0.0,0.0,0.0,0.0,0.0,0.0
this is wonderfully horrific,1.0,0.0,1.0,1.0,1.0,1.0,1.0,0.0,1.0,1.0
omg! i can never unsee!,0.0,0.0,0.0,0.0,0.0,0.0,0.0,0.0,0.0,0.0
i need to go look at cute animals videos,1.0,0.0,0.0,0.0,0.0,0.0,0.0,0.0,0.0,0.0
thanks for putting this back in my feed really appreciate you,0.0,0.0,0.0,0.0,0.0,0.0,0.0,0.0,0.0,0.0
anytime brother,1.0,1.0,0.0,0.0,0.0,0.0,0.0,0.0,0.0,0.0
freedom of speech = freedom of creative expression.,4.0,2.0,0.0,0.0,0.0,0.0,0.0,0.0,0.0,2.0
please help! can't unsee!,0.0,0.0,0.0,0.0,0.0,0.0,0.0,0.0,0.0,0.0
i have made a real . how you like it ?,1.0,1.0,0.0,0.0,0.0,0.0,0.0,0.0,0.0,0.0
you must let the world know,0.0,0.0,0.0,0.0,0.0,0.0,0.0,0.0,0.0,0.0
hahahalost his freaking mind!!! (and i love it) ,1.0,0.0,0.0,0.0,0.0,0.0,0.0,0.0,0.0,1.0
bro i thoughtwas bad ,0.0,0.0,1.0,1.0,1.0,1.0,1.0,0.0,0.0,0.0
the link i wish i never clicked ,0.0,0.0,0.0,0.0,0.0,0.0,0.0,0.0,0.0,0.0
literally the worst art you’ve ever made,1.0,0.0,0.0,0.0,0.0,0.0,1.0,1.0,1.0,1.0
definitley greeaszy,0.0,0.0,0.0,0.0,0.0,0.0,0.0,0.0,0.0,0.0
delete your account,0.0,1.0,0.0,0.0,0.0,0.0,0.0,0.0,0.0,0.0
"""beeple: reminding you of your own inadequacies daily since """,0.0,0.0,0.0,0.0,0.0,0.0,0.0,1.0,0.0,0.0
"mike what the fuck. 

how
do
i 
unsee
this
forever
???!!!??!!??

baaaahhhh hehfuwifiwjdjqbdkq",0.0,0.0,0.0,0.0,0.0,0.0,0.0,0.0,0.0,0.0
if it needs a cell phone..,0.0,0.0,0.0,0.0,0.0,0.0,0.0,0.0,0.0,0.0
like it? i love it!,1.0,0.0,0.0,0.0,0.0,0.0,0.0,0.0,0.0,1.0
combo),0.0,0.0,0.0,0.0,0.0,0.0,0.0,0.0,0.0,0.0
"i think everyone has seen this already, i just want to know when the k nft collection is coming out",0.0,0.0,0.0,0.0,0.0,0.0,0.0,1.0,0.0,0.0
i really don’t understand what i’m seeing …my brain is not that powerful …,2.0,2.0,1.0,1.0,1.0,0.0,0.0,1.0,0.0,1.0
this is fucking disturbing..,0.0,0.0,0.0,0.0,0.0,0.0,0.0,0.0,0.0,0.0
"crikey, my eyes!!!!!!",0.0,0.0,0.0,0.0,0.0,0.0,0.0,0.0,0.0,0.0
 muting that!,0.0,0.0,0.0,0.0,0.0,0.0,0.0,0.0,0.0,0.0
u have feelings now?,0.0,0.0,0.0,0.0,0.0,0.0,0.0,0.0,0.0,0.0
bruh fuck who can i unsee,0.0,0.0,0.0,0.0,0.0,0.0,0.0,0.0,0.0,0.0
legit just scrolling through my feed and,0.0,0.0,0.0,0.0,0.0,0.0,0.0,0.0,0.0,0.0
my eyes,0.0,0.0,0.0,0.0,0.0,0.0,0.0,0.0,0.0,0.0
beeple giving monday blues to everyone ,1.0,0.0,0.0,0.0,1.0,1.0,1.0,0.0,0.0,0.0
"dios mío, mang. haven’t you noticed all my stuff is safe for the kids. this is def not safe for anyone’s eyes. dios mío ",3.0,3.0,0.0,0.0,0.0,0.0,0.0,0.0,0.0,2.0
"i didn't even have to click a link but here i am, gouging my eyes out 

at least it's almost halloween",0.0,0.0,0.0,0.0,0.0,0.0,0.0,0.0,0.0,0.0
boo,0.0,0.0,0.0,0.0,0.0,1.0,0.0,0.0,0.0,0.0
"art is supposed to make you feel something, so maybe it’s his most effective piece yet? ",2.0,1.0,0.0,0.0,0.0,0.0,1.0,1.0,1.0,1.0
hahahah idk man. i rather swan dive off a rooftop than to ever see this picture again ,0.0,0.0,0.0,0.0,0.0,0.0,0.0,0.0,0.0,0.0
he's better off!,0.0,0.0,0.0,0.0,0.0,0.0,0.0,0.0,0.0,0.0
" (follow) $egt available on uniswap, monument  will be delivered toin austin texas on november th ",1.0,0.0,0.0,0.0,0.0,0.0,0.0,0.0,0.0,0.0
lmao,0.0,0.0,0.0,0.0,0.0,0.0,0.0,0.0,0.0,0.0
lmao,0.0,0.0,0.0,0.0,0.0,0.0,0.0,0.0,0.0,0.0
can’t stop laughing ,1.0,0.0,0.0,0.0,0.0,0.0,0.0,0.0,0.0,1.0
lmaooooo,0.0,0.0,0.0,0.0,0.0,0.0,0.0,0.0,0.0,0.0
hahahahaa,0.0,0.0,0.0,0.0,0.0,0.0,0.0,0.0,0.0,0.0
lols,0.0,0.0,0.0,0.0,0.0,0.0,0.0,0.0,0.0,0.0
lmaoo!,0.0,0.0,0.0,0.0,0.0,0.0,0.0,0.0,0.0,0.0
well— i guess that’s enough twitter for tonight. thanks mike ,0.0,0.0,0.0,0.0,0.0,0.0,0.0,0.0,1.0,0.0
"dude, you’ve given me nightmares for a month",0.0,0.0,0.0,0.0,0.0,0.0,0.0,0.0,0.0,0.0
farewell,0.0,0.0,0.0,0.0,0.0,0.0,0.0,0.0,0.0,0.0
"holy f. 
im never ever gonna fall asleep properly",1.0,0.0,0.0,0.0,0.0,1.0,1.0,0.0,0.0,0.0
this thing is going to haunt me in my sleep.,0.0,0.0,0.0,0.0,1.0,1.0,0.0,0.0,0.0,0.0
well maintained,0.0,0.0,0.0,0.0,0.0,0.0,0.0,0.0,0.0,0.0
pretty tough to unsee!,1.0,1.0,0.0,0.0,0.0,1.0,1.0,1.0,0.0,1.0
damn i shouldn’t have looked ,0.0,0.0,1.0,1.0,0.0,1.0,0.0,0.0,0.0,0.0
"beeple can post nudity, now that elon owns twitter. ",0.0,0.0,0.0,0.0,0.0,0.0,0.0,0.0,0.0,0.0
i am legit scarred,0.0,0.0,0.0,0.0,0.0,0.0,0.0,0.0,0.0,0.0
 terrible!…,0.0,0.0,1.0,1.0,1.0,1.0,1.0,0.0,0.0,0.0
what are we looking at ,0.0,0.0,0.0,0.0,0.0,0.0,0.0,0.0,0.0,0.0
same question,1.0,0.0,0.0,0.0,0.0,0.0,0.0,0.0,0.0,0.0
sorry man ,0.0,0.0,0.0,0.0,0.0,0.0,0.0,0.0,0.0,0.0
can relate,0.0,0.0,0.0,0.0,0.0,0.0,0.0,0.0,0.0,0.0
:),0.0,0.0,0.0,0.0,0.0,0.0,0.0,0.0,0.0,0.0
"pass it around:
teddit.net/r/eyebleach/",0.0,0.0,0.0,0.0,0.0,0.0,0.0,0.0,0.0,0.0
haha ,0.0,0.0,0.0,0.0,0.0,0.0,0.0,0.0,0.0,0.0
literally this,0.0,0.0,0.0,0.0,0.0,0.0,0.0,0.0,0.0,0.0
poor football head,1.0,0.0,0.0,0.0,0.0,0.0,0.0,1.0,0.0,1.0
lmao,0.0,0.0,0.0,0.0,0.0,0.0,0.0,0.0,0.0,0.0
who has un-see that tech?,0.0,0.0,0.0,0.0,0.0,0.0,0.0,0.0,0.0,0.0
yoplease dm me brother ,1.0,1.0,0.0,0.0,0.0,0.0,0.0,0.0,0.0,0.0
only the neuralizer will help us in this case ,0.0,0.0,0.0,0.0,1.0,1.0,1.0,0.0,0.0,0.0
i can tell you it is not better if it is first thing in the morning you see ,0.0,0.0,0.0,0.0,0.0,0.0,0.0,0.0,0.0,0.0
:(,0.0,0.0,0.0,0.0,0.0,0.0,0.0,0.0,0.0,0.0
"how can we un-see this, bloody hell. quentin tarantino couldn't even think of this.",0.0,0.0,2.0,2.0,2.0,2.0,2.0,0.0,0.0,0.0
stop him now send him to mars idfc,0.0,0.0,0.0,0.0,0.0,0.0,0.0,0.0,0.0,0.0
emotional damage,0.0,0.0,1.0,1.0,0.0,1.0,1.0,0.0,0.0,0.0
‍,0.0,0.0,0.0,0.0,0.0,0.0,0.0,0.0,0.0,0.0
a big big dickbutt nightmare,0.0,0.0,0.0,0.0,1.0,1.0,0.0,0.0,0.0,0.0
sail on mate,1.0,1.0,0.0,0.0,0.0,0.0,0.0,0.0,0.0,0.0
discord notifications  someone has way too many servers ,0.0,0.0,1.0,1.0,0.0,1.0,0.0,0.0,0.0,0.0
you wont,0.0,0.0,0.0,0.0,0.0,0.0,0.0,1.0,0.0,0.0
"wait but, how did you post this? ",0.0,0.0,0.0,0.0,0.0,1.0,0.0,1.0,0.0,0.0
it was good having you man! but i respect your decision.,2.0,2.0,0.0,0.0,0.0,0.0,0.0,2.0,1.0,2.0
so long,0.0,0.0,0.0,0.0,0.0,0.0,0.0,1.0,0.0,0.0
omg that’s disgusting,0.0,0.0,1.0,1.0,1.0,1.0,0.0,0.0,0.0,0.0
beat me to it,0.0,0.0,0.0,0.0,0.0,0.0,0.0,0.0,0.0,0.0
real lifeor in-gameversion of cryptodickbutt,1.0,1.0,0.0,0.0,0.0,0.0,0.0,0.0,0.0,0.0
it’s magical,1.0,0.0,0.0,0.0,0.0,0.0,0.0,1.0,1.0,1.0
"fuck, gm i guess ",0.0,0.0,0.0,0.0,0.0,0.0,0.0,0.0,1.0,0.0
if this doesn’t go to a museum then the art world is rigged,1.0,0.0,0.0,0.0,0.0,0.0,1.0,1.0,1.0,1.0
"bullish. 
prob greatest creation of any living artist",0.0,0.0,0.0,0.0,0.0,0.0,0.0,0.0,0.0,0.0
been saving this for elon’s takeover to go through? ,0.0,0.0,0.0,0.0,0.0,0.0,0.0,0.0,0.0,0.0
why does this dang thing keep popping up on my feed,0.0,0.0,0.0,0.0,0.0,0.0,0.0,0.0,0.0,0.0
"another team of data engineers just left twitter, this time voluntarily",0.0,1.0,0.0,0.0,0.0,0.0,0.0,1.0,0.0,0.0
oido something about this shit lmao this is the mf worst,0.0,0.0,1.0,1.0,0.0,1.0,0.0,0.0,0.0,0.0
nice size looking thick,0.0,0.0,0.0,0.0,0.0,0.0,0.0,0.0,0.0,0.0
stunning and brave,0.0,0.0,0.0,0.0,0.0,0.0,0.0,0.0,0.0,0.0
terrifying and arousing ,0.0,0.0,0.0,0.0,0.0,0.0,0.0,0.0,0.0,0.0
" (follow) $egt available on uniswap, monument  will be delivered toin austin texas on november th ",1.0,0.0,0.0,0.0,0.0,0.0,0.0,0.0,0.0,0.0
it will still live in your head rent free though.,0.0,0.0,0.0,0.0,0.0,0.0,0.0,0.0,0.0,0.0
lol loop know i know why you posted about beeple.... woah,0.0,0.0,0.0,0.0,0.0,0.0,0.0,0.0,0.0,0.0
lmaoo,0.0,0.0,0.0,0.0,0.0,0.0,0.0,0.0,0.0,0.0
tough guy ,0.0,0.0,0.0,0.0,0.0,1.0,1.0,0.0,0.0,0.0
"any room where this is on display -- even just visible on someone's phone -- is, technically, automatically a fine art museum",1.0,0.0,0.0,0.0,0.0,0.0,1.0,1.0,1.0,1.0
"when you waste your last wish on a big hog, but the genie got a sense of humor.",1.0,0.0,0.0,2.0,0.0,2.0,0.0,0.0,0.0,0.0
wtf,0.0,0.0,0.0,0.0,0.0,0.0,0.0,0.0,0.0,0.0
oh god is that what the rest of greg looks like,2.0,1.0,0.0,0.0,1.0,0.0,0.0,1.0,0.0,1.0
your bit corn hasn't helped greg.,0.0,0.0,0.0,0.0,0.0,0.0,0.0,0.0,0.0,0.0
lol you win. i quit,0.0,0.0,0.0,0.0,0.0,1.0,0.0,0.0,0.0,0.0
omg how do you poop greg ,0.0,0.0,0.0,0.0,0.0,0.0,0.0,0.0,0.0,0.0
where are you?,0.0,0.0,0.0,0.0,0.0,0.0,0.0,0.0,0.0,0.0
"i found the ""crypto""!",1.0,1.0,0.0,0.0,0.0,0.0,0.0,0.0,0.0,1.0
"bro, what the hell is this? disgusting! you can do better!",0.0,0.0,2.0,2.0,2.0,2.0,1.0,0.0,0.0,0.0
hey- could u somehow bitboy-ify this with ai? lol,0.0,0.0,0.0,0.0,0.0,0.0,0.0,0.0,0.0,0.0
my unearthly uniboob is better,0.0,0.0,0.0,0.0,0.0,0.0,0.0,0.0,0.0,0.0
thoughts on this? lmao,0.0,0.0,0.0,0.0,0.0,0.0,0.0,0.0,0.0,0.0
elon tweeted one of these today so he made a human version,0.0,0.0,0.0,0.0,0.0,0.0,0.0,0.0,0.0,0.0
"ffs i could have done without this. here, i'm a homie teddit.net/r/eyebleach/",0.0,0.0,0.0,0.0,0.0,0.0,0.0,0.0,0.0,0.0
plot twist:irl cryptdickbutt is the data engineer.,0.0,0.0,0.0,0.0,0.0,0.0,0.0,0.0,0.0,0.0
if you comment it recycles it around ,0.0,0.0,0.0,0.0,0.0,0.0,0.0,0.0,0.0,0.0
the algo knows what you like greg,0.0,0.0,0.0,0.0,0.0,0.0,0.0,0.0,0.0,0.0
ugh that was unexpected,1.0,0.0,0.0,0.0,1.0,1.0,0.0,1.0,1.0,1.0
at his best!,0.0,0.0,0.0,0.0,0.0,0.0,0.0,0.0,0.0,0.0
pooping up,0.0,0.0,0.0,0.0,0.0,0.0,0.0,0.0,0.0,0.0
because your acc is not banned anymore greg,0.0,0.0,0.0,0.0,0.0,0.0,0.0,0.0,0.0,0.0
keep dangling*,0.0,0.0,0.0,0.0,0.0,0.0,0.0,0.0,0.0,0.0
it’s art,1.0,0.0,0.0,0.0,0.0,0.0,1.0,1.0,1.0,1.0
you never scrolled away.,0.0,0.0,0.0,0.0,0.0,0.0,0.0,0.0,0.0,0.0
"smh antifreespeech gainzy 
first they came for the digitally rendered human dickbutts, and i said nothing",0.0,0.0,0.0,0.0,0.0,0.0,0.0,0.0,0.0,0.0
thanks for putting this on my timeline,0.0,0.0,0.0,0.0,0.0,0.0,0.0,0.0,0.0,0.0
who the fuck paid this man the most ever for a piece of art? true fucking regard,2.0,1.0,0.0,0.0,0.0,0.0,1.0,1.0,1.0,2.0
bring back censorship,0.0,0.0,0.0,0.0,0.0,0.0,0.0,0.0,0.0,0.0
i’d pay $ a month to unsee this,1.0,1.0,0.0,0.0,0.0,0.0,0.0,1.0,0.0,1.0
quickest block i’ve ever done,0.0,0.0,0.0,0.0,0.0,0.0,0.0,0.0,0.0,0.0
i can’t unsee this.,0.0,0.0,0.0,0.0,0.0,0.0,0.0,0.0,0.0,0.0
my body wasn’t ready,0.0,0.0,0.0,0.0,0.0,0.0,0.0,1.0,0.0,0.0
what a great way to start halloween!!,0.0,0.0,0.0,0.0,0.0,0.0,0.0,1.0,0.0,0.0
cl…. cle……… cleaaaaaa…… clean?,1.0,1.0,0.0,0.0,0.0,0.0,0.0,0.0,0.0,1.0
when the genie gets the wish wrong.,0.0,0.0,0.0,0.0,0.0,1.0,0.0,0.0,0.0,0.0
ser,0.0,0.0,0.0,0.0,0.0,0.0,0.0,0.0,0.0,0.0
what the fuck did i just saw,0.0,0.0,0.0,0.0,0.0,0.0,0.0,0.0,0.0,0.0
this is allsaw,0.0,0.0,0.0,0.0,0.0,0.0,0.0,0.0,0.0,0.0
you have one,0.0,0.0,0.0,0.0,0.0,0.0,0.0,0.0,0.0,0.0
oh fuck,0.0,0.0,0.0,0.0,0.0,0.0,0.0,0.0,0.0,0.0
  nailed it,0.0,0.0,0.0,0.0,0.0,0.0,0.0,0.0,0.0,0.0
crypto dick butt irl,0.0,0.0,0.0,0.0,0.0,1.0,0.0,0.0,0.0,0.0
nice tit,0.0,0.0,0.0,0.0,0.0,1.0,0.0,0.0,0.0,0.0
possibly lol,0.0,0.0,0.0,0.0,0.0,0.0,0.0,0.0,0.0,0.0
i feel exactly the same,0.0,0.0,0.0,0.0,0.0,0.0,0.0,0.0,0.0,0.0
did you really have to...,0.0,0.0,0.0,0.0,0.0,0.0,0.0,0.0,0.0,0.0
lolllll,0.0,0.0,0.0,0.0,0.0,0.0,0.0,0.0,0.0,0.0
i can't breathe ,0.0,0.0,0.0,0.0,0.0,0.0,0.0,0.0,0.0,0.0
cl…. clee….. cletus!,0.0,0.0,0.0,0.0,0.0,0.0,0.0,0.0,0.0,0.0
lol,0.0,0.0,0.0,0.0,0.0,0.0,0.0,0.0,0.0,0.0
"disgusting, disturbing and completely unnecessary",1.0,0.0,1.0,1.0,1.0,1.0,0.0,0.0,0.0,0.0
wtf,0.0,0.0,0.0,0.0,0.0,0.0,0.0,0.0,0.0,0.0
oh fuck,0.0,0.0,0.0,0.0,0.0,0.0,0.0,0.0,0.0,0.0
atrocious.,0.0,0.0,1.0,1.0,0.0,1.0,0.0,0.0,0.0,0.0
"bro, wtf",0.0,0.0,0.0,0.0,0.0,0.0,0.0,0.0,0.0,0.0
thought you'd like it,0.0,0.0,0.0,0.0,0.0,0.0,0.0,1.0,0.0,0.0
your type??? ,0.0,0.0,0.0,0.0,0.0,0.0,0.0,0.0,0.0,0.0
— help,0.0,0.0,0.0,0.0,0.0,0.0,0.0,0.0,0.0,0.0
look,0.0,0.0,0.0,0.0,0.0,0.0,0.0,0.0,0.0,0.0
bro! ‍,0.0,0.0,0.0,0.0,0.0,0.0,0.0,0.0,0.0,0.0
why.,0.0,0.0,0.0,0.0,0.0,0.0,0.0,0.0,0.0,0.0
you’re an absolute coward for not making it a gassy,1.0,0.0,0.0,1.0,1.0,1.0,1.0,0.0,0.0,0.0
is that cramer?,0.0,0.0,0.0,0.0,0.0,0.0,0.0,0.0,0.0,0.0
beeple is the modern day michelangelo and this confirms it,0.0,0.0,0.0,0.0,0.0,0.0,0.0,0.0,0.0,0.0
sorry i had to make everyone else feel the pain andhelp,0.0,0.0,0.0,0.0,1.0,1.0,1.0,0.0,0.0,0.0
jams is liv,0.0,0.0,0.0,0.0,0.0,0.0,0.0,0.0,0.0,0.0
brother sometimes art should not be shared,2.0,1.0,0.0,0.0,0.0,0.0,1.0,1.0,1.0,1.0
oh lord have mercy god rest on my soul for i will never unsee it,4.0,2.0,0.0,1.0,1.0,1.0,0.0,1.0,0.0,1.0
scary scene for jim cramer,0.0,0.0,0.0,0.0,0.0,0.0,0.0,0.0,0.0,0.0
sending you a venmo request for $k for what you just made me look at.,0.0,0.0,0.0,0.0,0.0,0.0,0.0,0.0,0.0,0.0
my timeline just got fooked. i can't unsee this ever in my life.,0.0,0.0,0.0,0.0,0.0,0.0,0.0,0.0,0.0,0.0
my eyes,0.0,0.0,0.0,0.0,0.0,0.0,0.0,0.0,0.0,0.0
y is he mutilated tho,0.0,0.0,0.0,1.0,0.0,1.0,0.0,0.0,0.0,0.0
i sure miss my lifeminutes ago when i didn’t know this picture existed,0.0,0.0,0.0,0.0,0.0,0.0,0.0,0.0,0.0,0.0
heavy,0.0,0.0,0.0,0.0,0.0,0.0,0.0,0.0,0.0,0.0
ayooo,0.0,0.0,0.0,0.0,0.0,0.0,0.0,0.0,0.0,0.0
mr pelosi? is it you?,0.0,0.0,0.0,0.0,0.0,0.0,0.0,0.0,0.0,0.0
wow  so biiiig,0.0,0.0,0.0,0.0,0.0,0.0,0.0,0.0,0.0,0.0
"this, this is what i want to do. when i saw this 
good shit beeple",1.0,1.0,1.0,1.0,0.0,1.0,0.0,1.0,1.0,1.0
banger,0.0,0.0,1.0,0.0,1.0,1.0,0.0,1.0,1.0,0.0
art.,1.0,0.0,0.0,0.0,0.0,0.0,1.0,1.0,1.0,1.0
or mr. pelosi.,0.0,0.0,0.0,0.0,0.0,0.0,0.0,0.0,0.0,0.0
lmao same. as soon as i woke up ,0.0,0.0,0.0,0.0,0.0,0.0,0.0,0.0,0.0,0.0
its your comment that baited me in! curiosity killed the cat ,1.0,0.0,0.0,0.0,0.0,0.0,0.0,1.0,1.0,0.0
everyday this shit just gets funnier ,0.0,0.0,1.0,1.0,0.0,1.0,0.0,0.0,0.0,0.0
lel. skemmed by dickbutt photo,0.0,0.0,0.0,0.0,0.0,0.0,0.0,0.0,0.0,0.0
fck ....me tooo ,0.0,0.0,0.0,0.0,0.0,0.0,0.0,0.0,0.0,0.0
too good,1.0,1.0,0.0,0.0,0.0,0.0,0.0,1.0,1.0,1.0
guy kinda looks like tony soprano,0.0,0.0,0.0,0.0,0.0,0.0,0.0,0.0,0.0,0.0
start a class action for ct ,1.0,0.0,0.0,0.0,0.0,0.0,0.0,1.0,0.0,0.0
*saved image*,0.0,0.0,0.0,0.0,0.0,0.0,0.0,0.0,0.0,0.0
thoughts & prayers,0.0,0.0,0.0,0.0,0.0,0.0,0.0,0.0,0.0,0.0
help us all,0.0,0.0,0.0,0.0,0.0,0.0,0.0,0.0,0.0,0.0
fr fr.where was my nudity grey screen filter…,0.0,0.0,0.0,0.0,0.0,0.0,0.0,0.0,0.0,0.0
fr fr,0.0,0.0,0.0,0.0,0.0,0.0,0.0,0.0,0.0,0.0
 this was my reaction,0.0,0.0,0.0,0.0,0.0,0.0,0.0,0.0,0.0,0.0
oh my lord jesus,1.0,1.0,0.0,1.0,0.0,1.0,0.0,0.0,0.0,0.0
beeple to us,0.0,0.0,0.0,0.0,0.0,0.0,0.0,0.0,0.0,0.0
"omg, girl. help ",0.0,0.0,0.0,0.0,0.0,0.0,0.0,0.0,0.0,0.0
he just did his taxes,0.0,0.0,0.0,0.0,0.0,0.0,0.0,0.0,0.0,0.0
y isn't smolting?,0.0,0.0,0.0,0.0,0.0,0.0,0.0,0.0,0.0,0.0
huh??,0.0,0.0,0.0,0.0,0.0,0.0,0.0,0.0,0.0,0.0
bro wtf ,0.0,0.0,0.0,0.0,0.0,0.0,0.0,0.0,0.0,0.0
dayyummm. you just doxxed ! $luna,0.0,0.0,0.0,0.0,0.0,0.0,0.0,0.0,0.0,0.0
brought me here,0.0,0.0,0.0,0.0,0.0,0.0,0.0,0.0,0.0,0.0
mf why am i waking up to this,0.0,0.0,0.0,0.0,0.0,0.0,0.0,0.0,0.0,0.0
"*opens twitter*
*sees this*
*closes twitter*",0.0,0.0,0.0,0.0,0.0,0.0,0.0,0.0,0.0,0.0
i am my cryptodickbutt and my cryptodickbutt is me,0.0,0.0,0.0,0.0,0.0,0.0,0.0,0.0,0.0,0.0
unafraid of censorship,0.0,0.0,0.0,0.0,0.0,0.0,0.0,0.0,0.0,0.0
looks like tony soprano,0.0,0.0,0.0,0.0,0.0,0.0,0.0,0.0,0.0,0.0
grail ,0.0,0.0,0.0,0.0,0.0,0.0,0.0,0.0,0.0,0.0
the laugh out loud ratio on this must be damn near %,1.0,0.0,1.0,1.0,0.0,1.0,0.0,0.0,1.0,1.0
jfc,0.0,0.0,0.0,0.0,0.0,0.0,0.0,0.0,0.0,0.0
ick.,0.0,0.0,0.0,0.0,0.0,0.0,0.0,0.0,0.0,0.0
bruh,0.0,0.0,0.0,0.0,0.0,0.0,0.0,0.0,0.0,0.0
aaaaaaaahhhhhhhh!!!!!!!!,0.0,0.0,0.0,0.0,0.0,0.0,0.0,0.0,0.0,0.0
this goes hard,0.0,0.0,0.0,0.0,0.0,0.0,0.0,0.0,0.0,0.0
same and i can’t i see it ,0.0,0.0,0.0,0.0,0.0,0.0,0.0,0.0,0.0,0.0
lucky you,1.0,0.0,0.0,0.0,0.0,0.0,0.0,0.0,1.0,1.0
thanksfor bringing me here… i will never be able to unsee this.,0.0,0.0,0.0,0.0,0.0,0.0,0.0,0.0,0.0,0.0
"you tweeting this bumped it to my feed. i am not clicking ""view"".",0.0,0.0,0.0,0.0,0.0,0.0,0.0,0.0,0.0,0.0
airport why am i here wtf have you done ,0.0,0.0,0.0,0.0,0.0,0.0,0.0,1.0,0.0,0.0
f,0.0,0.0,0.0,0.0,0.0,0.0,0.0,0.0,0.0,0.0
hahahaha,0.0,0.0,0.0,0.0,0.0,0.0,0.0,0.0,0.0,0.0
"lol, that is very intense.",1.0,1.0,1.0,1.0,1.0,1.0,0.0,0.0,1.0,1.0
right,0.0,0.0,0.0,0.0,0.0,0.0,0.0,0.0,0.0,0.0
"""opens twitter again""
""retweets""
""closes twitter""",0.0,0.0,0.0,0.0,0.0,0.0,0.0,0.0,0.0,0.0
wtf did my eyes just witness,0.0,1.0,0.0,0.0,0.0,0.0,0.0,0.0,0.0,0.0
my wife is mad at me for showing her this.,0.0,0.0,1.0,1.0,1.0,1.0,1.0,0.0,0.0,0.0
same here ,0.0,0.0,0.0,0.0,0.0,0.0,0.0,0.0,0.0,0.0
dammit beeple ,0.0,0.0,0.0,0.0,0.0,0.0,0.0,0.0,0.0,0.0
bruh no nut november is about to start and you incept my brain with this wtf,0.0,0.0,0.0,0.0,0.0,0.0,0.0,1.0,0.0,0.0
looks rare!,0.0,0.0,0.0,0.0,0.0,0.0,0.0,0.0,0.0,0.0
legit look behind you to make sure no one watching even if you live alone and have no windows,0.0,0.0,0.0,0.0,0.0,0.0,0.0,0.0,0.0,0.0
"not gonna lie, i wasn’t expecting this on the tl",0.0,0.0,1.0,1.0,0.0,1.0,1.0,1.0,0.0,0.0
ummm ,0.0,0.0,0.0,0.0,0.0,0.0,0.0,0.0,0.0,0.0
my eyes,0.0,0.0,0.0,0.0,0.0,0.0,0.0,0.0,0.0,0.0
oh hell no,0.0,0.0,1.0,1.0,1.0,1.0,1.0,0.0,0.0,0.0
might want to get that checked out ,0.0,0.0,0.0,0.0,0.0,0.0,0.0,0.0,0.0,0.0
god will punish you for this.,1.0,1.0,0.0,0.0,2.0,1.0,0.0,1.0,0.0,1.0
"lord, why?!!!!!",1.0,1.0,0.0,1.0,0.0,1.0,0.0,0.0,0.0,0.0
"some things werent meant to be seen, how do i unsee this lol",0.0,0.0,0.0,0.0,0.0,0.0,0.0,0.0,0.0,0.0
welp i’m done wanting one of those. thanks.,0.0,0.0,0.0,0.0,0.0,1.0,1.0,0.0,0.0,0.0
jesus christ,0.0,0.0,0.0,0.0,0.0,0.0,0.0,0.0,0.0,0.0
wow,0.0,0.0,0.0,0.0,0.0,0.0,0.0,0.0,0.0,0.0
bro you need to find god fr,1.0,1.0,0.0,0.0,1.0,0.0,0.0,1.0,0.0,1.0
i just shivered in disgust  whyy,0.0,0.0,1.0,1.0,1.0,1.0,1.0,0.0,0.0,0.0
what was the reason?! *cardi b voice*,1.0,0.0,0.0,0.0,0.0,0.0,0.0,0.0,0.0,0.0
wtf,0.0,0.0,0.0,0.0,0.0,0.0,0.0,0.0,0.0,0.0
i literally just died thanks beeple,0.0,0.0,0.0,0.0,0.0,0.0,0.0,0.0,0.0,0.0
we’re still so early… i’m shaking,0.0,0.0,0.0,0.0,1.0,1.0,0.0,0.0,0.0,0.0
what has been seen. cannot be unseen. ,0.0,0.0,0.0,0.0,0.0,0.0,0.0,0.0,0.0,0.0
nah this has to be illegal,0.0,0.0,1.0,1.0,1.0,1.0,1.0,0.0,0.0,0.0
lmfao,0.0,0.0,0.0,0.0,0.0,0.0,0.0,0.0,0.0,0.0
they are just like the minions.,0.0,0.0,0.0,0.0,0.0,0.0,0.0,0.0,0.0,0.0
i cannot un-see this ,0.0,0.0,0.0,0.0,0.0,0.0,0.0,0.0,0.0,0.0
this ain’t if chief,0.0,0.0,0.0,0.0,0.0,0.0,0.0,0.0,0.0,0.0
wagmi ,0.0,0.0,0.0,0.0,0.0,0.0,0.0,0.0,0.0,0.0
ffs plz stick to pixel version ,0.0,0.0,0.0,0.0,0.0,0.0,0.0,0.0,0.0,0.0
is that face of,0.0,0.0,0.0,0.0,0.0,0.0,0.0,0.0,0.0,0.0
is that,0.0,0.0,0.0,0.0,0.0,0.0,0.0,0.0,0.0,0.0
that’s enough twitter for me today.,0.0,0.0,0.0,0.0,0.0,0.0,0.0,0.0,0.0,0.0
looks $rare,0.0,0.0,0.0,0.0,0.0,0.0,0.0,0.0,0.0,0.0
seconded ,0.0,0.0,0.0,0.0,0.0,0.0,0.0,0.0,0.0,0.0
wagmi especially with that amazing punk ser ,0.0,0.0,0.0,0.0,0.0,0.0,0.0,0.0,0.0,0.0
double wagmi ,0.0,0.0,0.0,0.0,0.0,0.0,0.0,0.0,0.0,0.0
lmfao i don’t think so but if not then who is it?,1.0,1.0,0.0,0.0,0.0,0.0,0.0,0.0,0.0,0.0
ahahhahahah. mooooooo you roasted him,0.0,0.0,0.0,0.0,0.0,0.0,0.0,0.0,0.0,0.0
its...not ideal,0.0,0.0,0.0,0.0,0.0,0.0,0.0,0.0,0.0,0.0
could've really used a sensitive content warning ,1.0,1.0,0.0,0.0,1.0,0.0,0.0,0.0,0.0,1.0
thanks beeple,0.0,0.0,0.0,0.0,0.0,0.0,0.0,0.0,0.0,0.0
you ain’t have to do tony soprano like that.,0.0,0.0,0.0,0.0,0.0,0.0,0.0,0.0,0.0,0.0
this is weird ngl,0.0,0.0,0.0,1.0,0.0,1.0,0.0,0.0,0.0,0.0
real life eye cancer,1.0,1.0,1.0,1.0,1.0,1.0,1.0,0.0,0.0,0.0
bro how can i unsee this?,0.0,0.0,0.0,0.0,0.0,0.0,0.0,0.0,0.0,0.0
.....ffs! *%#$@#*,0.0,0.0,0.0,0.0,0.0,0.0,0.0,0.0,0.0,0.0
. already throwing bids.,0.0,0.0,0.0,0.0,0.0,0.0,0.0,0.0,0.0,0.0
cryptodickbutts were always a corny vc grift anyway,0.0,0.0,0.0,0.0,0.0,0.0,0.0,0.0,0.0,0.0
saw one of these rummaging in my basement once,0.0,0.0,0.0,0.0,0.0,0.0,0.0,0.0,0.0,0.0
bruh,0.0,0.0,0.0,0.0,0.0,0.0,0.0,0.0,0.0,0.0
now this is a fucking masterpiece. ,1.0,0.0,0.0,0.0,0.0,0.0,0.0,0.0,0.0,1.0
"before we go…

if i had to see it so do you",0.0,0.0,0.0,0.0,0.0,0.0,0.0,0.0,0.0,0.0
lol!,0.0,0.0,0.0,0.0,0.0,0.0,0.0,0.0,0.0,0.0
simply culture,1.0,0.0,0.0,0.0,0.0,0.0,0.0,0.0,0.0,0.0
lmfao,0.0,0.0,0.0,0.0,0.0,0.0,0.0,0.0,0.0,0.0
perfect response,1.0,1.0,0.0,0.0,0.0,0.0,0.0,1.0,0.0,1.0
i can’t i see it,0.0,0.0,0.0,0.0,0.0,0.0,0.0,0.0,0.0,0.0
i’m dead rofl   ,0.0,0.0,0.0,0.0,0.0,0.0,0.0,0.0,0.0,0.0
"never seen this meme before, a+",0.0,0.0,0.0,0.0,0.0,0.0,0.0,0.0,0.0,0.0
vulgar,0.0,0.0,0.0,1.0,0.0,1.0,0.0,0.0,0.0,0.0
wen mint?,0.0,0.0,0.0,0.0,0.0,1.0,0.0,0.0,0.0,0.0
doode,0.0,0.0,0.0,0.0,0.0,0.0,0.0,0.0,0.0,0.0
the royalties on this baby are gonna pay for my next fissure surgery,2.0,1.0,0.0,0.0,1.0,0.0,1.0,1.0,0.0,2.0
no it's pelosi's husband,0.0,0.0,0.0,0.0,0.0,0.0,0.0,0.0,0.0,0.0
lol,0.0,0.0,0.0,0.0,0.0,0.0,0.0,0.0,0.0,0.0
why did i load this in k ,0.0,0.0,0.0,0.0,0.0,0.0,0.0,0.0,0.0,0.0
"this is gross, man.",0.0,0.0,0.0,1.0,0.0,1.0,0.0,0.0,0.0,0.0
it was a long grind up from a small meme on the punk discord before vcs started to like it.months of meming it into legitimacy.,0.0,1.0,1.0,1.0,0.0,2.0,0.0,1.0,0.0,0.0
thanks for the worst take i have ever seen on this app ,0.0,0.0,0.0,0.0,0.0,0.0,0.0,0.0,0.0,0.0
nightmare fuel,0.0,0.0,0.0,0.0,1.0,1.0,0.0,0.0,0.0,0.0
k this is too damn far wtf,0.0,0.0,1.0,1.0,0.0,1.0,0.0,0.0,0.0,0.0
"okay

i see the vision",1.0,0.0,0.0,0.0,0.0,0.0,0.0,1.0,0.0,0.0
trying to eat & saw this ugh,1.0,0.0,0.0,0.0,0.0,0.0,0.0,0.0,0.0,0.0
"bruhhhhhh

this is damaging down to a dna level",1.0,1.0,0.0,0.0,0.0,0.0,0.0,0.0,0.0,0.0
some things are better in d ,0.0,0.0,0.0,0.0,0.0,0.0,0.0,0.0,0.0,0.0
i think we might have reached capitulation cause this is max pain,0.0,0.0,0.0,0.0,1.0,1.0,1.0,0.0,0.0,0.0
bro don't comment on this i'm seeing this for the 'th time when someone comments on it i got to see it as well ,0.0,0.0,0.0,0.0,0.0,0.0,0.0,1.0,0.0,0.0
i aint need to see this bruh,0.0,0.0,0.0,0.0,0.0,0.0,0.0,0.0,0.0,0.0
lokoloko,0.0,0.0,0.0,0.0,0.0,0.0,0.0,0.0,0.0,0.0
omg,0.0,0.0,0.0,0.0,0.0,0.0,0.0,0.0,0.0,0.0
dude seriously… what the fuck lol,0.0,0.0,0.0,0.0,0.0,0.0,0.0,0.0,0.0,0.0
bruh wtf,0.0,0.0,0.0,0.0,0.0,0.0,0.0,0.0,0.0,0.0
its not even that bad why are ppl losing their minds lol,0.0,0.0,2.0,1.0,1.0,2.0,2.0,0.0,0.0,0.0
*pulls eyes out of sockets and throws them away*,0.0,0.0,0.0,0.0,0.0,0.0,0.0,0.0,0.0,0.0
help.,0.0,0.0,0.0,0.0,0.0,0.0,0.0,0.0,0.0,0.0
i’ll never be the same.,0.0,0.0,0.0,0.0,0.0,0.0,0.0,0.0,0.0,0.0
omg ,0.0,0.0,0.0,0.0,0.0,0.0,0.0,0.0,0.0,0.0
bella close your eyes got dammit,0.0,0.0,0.0,0.0,0.0,0.0,0.0,0.0,0.0,0.0
protect me!!!,1.0,0.0,0.0,0.0,0.0,0.0,0.0,0.0,0.0,0.0
i don’t know about this one chief,1.0,1.0,0.0,0.0,0.0,0.0,0.0,0.0,0.0,0.0
thank you,0.0,0.0,0.0,0.0,0.0,0.0,0.0,0.0,0.0,0.0
get this off my timeline,0.0,0.0,0.0,0.0,0.0,0.0,0.0,0.0,0.0,0.0
all the gigachads who have been dickbutting around have to finally confront their own homophobia at the thought of what they have brought into this world and their revulsion is glorious to behold,1.0,1.0,2.0,2.0,1.0,1.0,0.0,2.0,1.0,1.0
"cos they are girl & boy scouts who wouldn’t know a true artist if it bit them in the butt. 

i think this should be in every museum in the world",1.0,1.0,0.0,1.0,0.0,2.0,0.0,0.0,0.0,1.0
stop pretending this doesnt make u horny u dirty zebra… its the worst beeple to date ,0.0,0.0,1.0,1.0,0.0,2.0,0.0,0.0,0.0,0.0
what a terrible day to have eyes,0.0,0.0,1.0,1.0,1.0,1.0,1.0,0.0,0.0,0.0
why does this exist,0.0,0.0,0.0,0.0,0.0,0.0,0.0,0.0,0.0,0.0
it’s sooooooooo fucking good. holy shit,2.0,1.0,1.0,1.0,0.0,1.0,0.0,1.0,1.0,1.0
wen plushies,0.0,0.0,0.0,0.0,0.0,1.0,0.0,0.0,0.0,0.0
" and i thought the madonna stuff was mad lol --- reaching new heights i see, ser ",0.0,0.0,1.0,1.0,1.0,1.0,1.0,1.0,0.0,0.0
this is 's twitter,0.0,0.0,0.0,0.0,0.0,0.0,0.0,0.0,0.0,0.0
jesus christ,0.0,0.0,0.0,0.0,0.0,0.0,0.0,0.0,0.0,0.0
this might be the most atrocious thing i’ve ever seen in my entire life and i never expected it to come from you…,0.0,0.0,1.0,1.0,0.0,1.0,0.0,1.0,0.0,0.0
"dafuq is this bro? 
just woke up...",0.0,0.0,0.0,0.0,0.0,0.0,0.0,0.0,0.0,0.0
why?,0.0,0.0,0.0,0.0,0.0,0.0,0.0,0.0,0.0,0.0
im more concerned about how many people have posted this in groupchats,0.0,0.0,0.0,0.0,1.0,0.0,1.0,0.0,0.0,0.0
can't unsee this.,0.0,0.0,0.0,0.0,0.0,0.0,0.0,0.0,0.0,0.0
yo wtf,0.0,0.0,0.0,0.0,0.0,0.0,0.0,0.0,0.0,0.0
w o w ,0.0,0.0,0.0,0.0,0.0,0.0,0.0,0.0,0.0,0.0
"*sends message*

me clicking link 

*closes twitter-deletes app*",0.0,0.0,0.0,0.0,0.0,0.0,0.0,0.0,0.0,0.0
send everything to zero promptly,0.0,0.0,0.0,0.0,0.0,0.0,0.0,0.0,0.0,0.0
used to go to school with that guy,0.0,1.0,0.0,0.0,0.0,0.0,0.0,0.0,0.0,0.0
confirmed bull market,1.0,1.0,0.0,0.0,0.0,0.0,0.0,0.0,0.0,0.0
it’s a good drawing ser.,1.0,1.0,0.0,0.0,0.0,0.0,0.0,1.0,1.0,1.0
dad? where are your shoes?,0.0,0.0,0.0,0.0,0.0,0.0,0.0,0.0,0.0,0.0
is this your twitter ser? ,0.0,0.0,0.0,0.0,0.0,0.0,0.0,0.0,0.0,0.0
you finally saw it ,1.0,1.0,0.0,1.0,0.0,0.0,0.0,1.0,1.0,1.0
hehe! ,0.0,0.0,0.0,0.0,0.0,0.0,0.0,0.0,0.0,0.0
the perfect meme for what i was just exposed to,1.0,1.0,0.0,0.0,0.0,1.0,0.0,1.0,0.0,1.0
block the fat cunt,0.0,0.0,0.0,1.0,0.0,1.0,1.0,0.0,0.0,0.0
who got the pic of devil wtf,0.0,0.0,1.0,1.0,1.0,1.0,1.0,1.0,0.0,0.0
eww wtf,0.0,0.0,0.0,0.0,0.0,0.0,0.0,0.0,0.0,0.0
the guy who keeps bulling even after school,0.0,1.0,0.0,0.0,0.0,0.0,0.0,0.0,0.0,0.0
fuckkkk whyd you have to comment so i see this mf now noooo ,0.0,0.0,0.0,0.0,0.0,0.0,0.0,0.0,0.0,0.0
butt market.,0.0,0.0,0.0,0.0,0.0,1.0,0.0,0.0,0.0,0.0
did you just have this laying in the “whenbuys twitter” pile? ,0.0,0.0,0.0,0.0,0.0,0.0,0.0,0.0,0.0,0.0
great girth.,0.0,0.0,0.0,0.0,0.0,0.0,0.0,0.0,0.0,0.0
"damn, just about to sleep and stumbled on this! whhhhhy!? ",0.0,0.0,1.0,1.0,0.0,1.0,0.0,0.0,0.0,0.0
"i had to see it, so you had to ",0.0,0.0,0.0,0.0,0.0,0.0,0.0,0.0,0.0,0.0
it’s your pic,0.0,0.0,0.0,0.0,0.0,0.0,0.0,0.0,0.0,0.0
"you take the good with the bad. in this case #irlcryptodickbutt is the good. the bad is the blatant racism that is allowed in a private space. there is no first amendment right here. this space is post government, centralized discourse. first they let anyone say what they want...",2.0,2.0,3.0,3.0,4.0,5.0,3.0,2.0,2.0,2.0
nah,0.0,0.0,0.0,0.0,0.0,0.0,0.0,0.0,0.0,0.0
"relax, it’s just a can of tomato soup",1.0,0.0,0.0,0.0,0.0,0.0,0.0,0.0,0.0,0.0
shouldn't we be thankingforshowing us this and it still being up over an hour later?,0.0,0.0,0.0,0.0,0.0,0.0,0.0,0.0,0.0,0.0
reading these comments are the best part of my night ,1.0,0.0,0.0,0.0,0.0,0.0,0.0,0.0,0.0,0.0
multi purpose whoman,0.0,0.0,0.0,0.0,0.0,0.0,0.0,0.0,0.0,0.0
work of art,1.0,0.0,0.0,0.0,0.0,0.0,1.0,1.0,1.0,1.0
wen k collection,0.0,0.0,0.0,0.0,0.0,1.0,0.0,0.0,0.0,0.0
sheeesh,0.0,0.0,0.0,0.0,0.0,0.0,0.0,0.0,0.0,0.0
art,1.0,0.0,0.0,0.0,0.0,0.0,1.0,1.0,1.0,1.0
beautiful art.,2.0,0.0,0.0,0.0,0.0,0.0,1.0,1.0,1.0,2.0
my eyes.,0.0,0.0,0.0,0.0,0.0,0.0,0.0,0.0,0.0,0.0
hey guys this looks even better in k,0.0,0.0,0.0,0.0,0.0,0.0,0.0,0.0,0.0,0.0
"wen hell freezes. that being about... soon. till then, i wonder how long till this shit stops being reposted. not soon enough.",0.0,0.0,2.0,2.0,1.0,3.0,1.0,1.0,0.0,0.0
u beeped it again bro!,0.0,0.0,0.0,0.0,0.0,0.0,0.0,0.0,0.0,0.0
i hate this so much ,0.0,0.0,1.0,1.0,1.0,1.0,1.0,0.0,0.0,0.0
for you,0.0,0.0,0.0,0.0,0.0,0.0,0.0,0.0,0.0,0.0
done with twitter for today ,0.0,0.0,0.0,0.0,0.0,0.0,0.0,0.0,0.0,0.0
delete,0.0,0.0,0.0,0.0,0.0,0.0,0.0,0.0,0.0,0.0
why is it so sweaty jfc man,0.0,0.0,0.0,0.0,0.0,0.0,0.0,0.0,0.0,0.0
hahha boss ,0.0,0.0,0.0,0.0,0.0,0.0,0.0,0.0,0.0,0.0
goddamn it grl i’d finally gotten it out of my feed ,1.0,1.0,0.0,1.0,0.0,0.0,0.0,1.0,1.0,1.0
i’m so sorry ,0.0,0.0,0.0,0.0,0.0,0.0,0.0,0.0,0.0,0.0
"stop making this show up on my timeline, jake",0.0,1.0,0.0,0.0,0.0,0.0,0.0,0.0,0.0,0.0
fuck i’m actually genuinely so sorry,0.0,0.0,0.0,0.0,0.0,0.0,0.0,0.0,0.0,0.0
a little hard to stomach ,0.0,0.0,0.0,1.0,0.0,0.0,0.0,0.0,0.0,0.0
well...i can't unsee that now. ,0.0,0.0,0.0,0.0,0.0,0.0,0.0,0.0,0.0,0.0
that’s funny,0.0,0.0,0.0,0.0,0.0,0.0,0.0,0.0,0.0,0.0
"should have just chosen death this morning. 

dear lord.",3.0,1.0,1.0,2.0,1.0,2.0,1.0,1.0,1.0,0.0
someone buy it and destroy it please,0.0,0.0,0.0,0.0,0.0,0.0,0.0,0.0,0.0,0.0
beeple is dad ,0.0,0.0,0.0,0.0,0.0,0.0,0.0,0.0,0.0,0.0
